company_name,country,source
VOLKSWAGEN AG,DE,orbis
TOYOTA MOTOR CORPORATION,JP,orbis
GENERAL MOTORS COMPANY,US,orbis
FORD MOTOR COMPANY,US,orbis
STELLANTIS N.V.,NL,orbis
MERCEDES-BENZ GROUP AG,DE,orbis
BAYERISCHE MOTOREN WERKE AG,DE,orbis
"HONDA MOTOR CO., LTD.",JP,orbis
HYUNDAI MOTOR COMPANY,KR,orbis
BYD COMPANY LIMITED,CN,orbis
ROBERT BOSCH GESELLSCHAFT MIT BESCHRAENKTER HAFTUNG,DE,orbis
"TESLA, INC.",US,orbis
SAIC MOTOR CORPORATION LIMITED,CN,orbis
"NISSAN MOTOR CO., LTD.",JP,orbis
IRAN KHODRO INDUSTRIAL GROUP COMPANY PUBLIC JOINT STOCK,IR,orbis
KIA CORPORATION,KR,orbis
AUDI AG,DE,orbis
STELLANTIS AUTO SAS,FR,orbis
TATA SONS PRIVATE LIMITED,IN,orbis
RENAULT,FR,orbis
"BYD AUTOMOBILE INDUSTRY CO., LTD.",CN,orbis
DAIMLER TRUCK AG,DE,orbis
DAIMLER TRUCK HOLDING AG,DE,orbis
RENAULT S.A.S.,FR,orbis
"GUANGZHOU MINGWANG AUTO PARTS CO., LTD.",CN,orbis
TATA MOTORS PASSENGER VEHICLES LIMITED,IN,orbis
"GUANGZHOU HELLA AUTO PARTS MANUFACTURING CO., LTD.",CN,orbis
TRATON SE,DE,orbis
DENSO CORPORATION,JP,orbis
AB VOLVO,SE,orbis
TOYOTA MOTOR EUROPE,BE,orbis
MAGNA INTERNATIONAL INC,CA,orbis
DR. ING. H.C. F. PORSCHE AG,DE,orbis
NUEVA WALMART DE MEXICO,MX,orbis
IRANIAN AUTOMOBILE MANUFACTURING COMPANY (SAIPA) PUBLIC JOINT STOCK,IR,orbis
"BEIJING AUTOMOTIVE GROUP CO., LTD.",CN,orbis
"ZAOZHUANG YITONG AUTOMOBILE SALES AND SERVICE CO., LTD.",CN,orbis
"GUANGZHOU BOYUE AUTO PARTS CO., LTD.",CN,orbis
SUZUKI MOTOR CORPORATION,JP,orbis
"HYUNDAI MOBIS CO.,LTD.",KR,orbis
HONEYWELL INTERNATIONAL INC,US,orbis
"CHERY AUTOMOBILE CO., LTD.",CN,orbis
VOLVO CAR AB,SE,orbis
"LITHIA MOTORS, INC.",US,orbis
JARDINE MATHESON HOLDINGS LIMITED,BM,orbis
BMW BRILLIANCE AUTOMOTIVE LTD.,CN,orbis
"WUHAN XIAOHORN AUTOMOTIVE SERVICE CO., LTD.",CN,orbis
PACCAR INC,US,orbis
MAZDA MOTOR CORPORATION,JP,orbis
JAGUAR LAND ROVER LIMITED,GB,orbis
SUBARU CORPORATION,JP,orbis
"PENSKE AUTOMOTIVE GROUP, INC.",US,orbis
"WEICHAI POWER CO., LTD.",CN,orbis
FORVIA SE,FR,orbis
"TESLA SHANGHAI CO., LTD.",CN,orbis
BAIC MOTOR CORPORATION LIMITED,CN,orbis
"HUBEI WEIWO POLYMER MATERIAL TECHNOLOGY CO., LTD.",CN,orbis
TOYOTA INDUSTRIES CORPORATION,JP,orbis
GREAT WALL MOTOR COMPANY LIMITED,CN,orbis
"HUIZHOU ANGEL REFRIGERATION EQUIPMENT CO., LTD.",CN,orbis
SKODA AUTO A.S.,CZ,orbis
"AUTONATION, INC.",US,orbis
BAIC MOTOR CORPORATION LIMITED,CN,orbis
"CARMAX, INC.",US,orbis
"HUBEI TIANYUAN QINGLING AUTOMOBILE SALES AND SERVICE CO., LTD.",CN,orbis
VOLVO PERSONVAGNAR AKTIEBOLAG,SE,orbis
"BYD AUTO CO., LTD.",CN,orbis
ZHONGSHENG GROUP HOLDINGS LIMITED,KY,orbis
GENUINE PARTS COMPANY,US,orbis
STELLANTIS EUROPE S.P.A.,IT,orbis
LEAR CORPORATION,US,orbis
HUAYU AUTOMOTIVE SYSTEMS COMPANY LIMITED,CN,orbis
"FAW AUDI SALES CO., LTD.",CN,orbis
JARDINE CYCLE & CARRIAGE LTD,SG,orbis
"SAIC GENERAL MOTORS CO., LTD.",CN,orbis
VALEO,FR,orbis
ISUZU MOTORS LIMITED,JP,orbis
CHONGQING CHANGAN AUTOMOBILE COMPANY LIMITED,CN,orbis
FORD-WERKE GMBH,DE,orbis
"JIANGYIN YACHANG HARDWARE MOULD CO., LTD.",CN,orbis
PT ASTRA INTERNATIONAL TBK,ID,orbis
"GUANGDONG BAIYUAN ENVIRONMENTAL MANAGEMENT TECHNOLOGY CO., LTD.",CN,orbis
"SAIC VOLKSWAGEN SALES CO., LTD.",CN,orbis
"SANY AUTOMOBILE MANUFACTURING CO., LTD.",CN,orbis
"DONGYING JUFENG AUTOMOBILE SALES AND SERVICE CO., LTD.",CN,orbis
"GROUP 1 AUTOMOTIVE, INC.",US,orbis
LI AUTO INC.,KY,orbis
"SERES GROUP CO., LTD.",CN,orbis
"HAINING MEILI PRECISION PLASTIC AUTO PARTS CO., LTD.",CN,orbis
"DONGGUAN XINGHUI AUTOMOBILE CO., LTD.",CN,orbis
APTIV PLC,GB,orbis
SCANIA CV AKTIEBOLAG,SE,orbis
FORD MOTOR COMPANY LIMITED,GB,orbis
"SERES GROUP CO.,LTD.",CN,orbis
"WUHAN ZHENKUI MECHANICAL AND ELECTRICAL EQUIPMENT CO., LTD.",CN,orbis
"CHINA GRAND AUTOMOTIVE SERVICES GROUP CO.,LTD.",CN,orbis
SCHAEFFLER AG,DE,orbis
MITSUBISHI MOTORS CORPORATION,JP,orbis
SAIC VOLKSWAGEN AUTOMOTIVE COMPANY LIMITED,CN,orbis
MARUTI SUZUKI INDIA LIMITED,IN,orbis
"XIANGYANG FUQI AUTOMOBILE SALES AND SERVICE CO., LTD.",CN,orbis
"TOYOTA AUTO BODY CO.,LTD.",JP,orbis
SELFINVEST APS,DK,orbis
"ASBURY AUTOMOTIVE GROUP, INC.",US,orbis
FORD OTOMOTIV SANAYI A.S.,TR,orbis
FAW VOLKSWAGEN SALES COMPANY LTD,CN,orbis
SIME DARBY BERHAD,MY,orbis
"FAW TOYOTA MOTOR SALES CO., LTD.",CN,orbis
MAHINDRA & MAHINDRA LIMITED,IN,orbis
BAHMAN GROUP COMPANY PUBLIC JOINT STOCK,IR,orbis
STELLANTIS ESPANA SOCIEDAD LIMITADA.,ES,orbis
IVECO GROUP NV,NL,orbis
VOLKSWAGEN GROUP UNITED KINGDOM LIMITED,GB,orbis
ILLINOIS TOOL WORKS INC.,US,orbis
SEAT SAU,ES,orbis
DONGFENG MOTOR GROUP COMPANY LIMITED,CN,orbis
"GUANGZHOU AUTOMOBILE GROUP CO., LTD.",CN,orbis
"CHINA GRAND AUTOMOTIVE SERVICES CO., LTD.",CN,orbis
"ZHEJIANG HAOQING AUTOMOBILE MANUFACTURING CO., LTD.",CN,orbis
"ZHEJIANG GEELY HOLDING GROUP AUTOMOBILE SALES CO., LTD.",CN,orbis
"MERCEDES-BENZ (CHINA) AUTOMOBILE SALES CO., LTD.",CN,orbis
LKQ CORPORATION,US,orbis
"GAC TOYOTA MOTOR SALES CO., LTD.",CN,orbis
"SERES AUTO CO., LTD.",CN,orbis
SONIC AUTOMOTIVE INC,US,orbis
BORGWARNER INC,US,orbis
"HEFEI BYD AUTOMOBILE CO., LTD.",CN,orbis
"SHIYAN XINKE AUTO PARTS CO., LTD.",CN,orbis
CARVANA CO.,US,orbis
AUTOMOBILES PEUGEOT,FR,orbis
"CHONGQING SERES NEW ELECTRIC VEHICLE SALES CO., LTD.",CN,orbis
SAMVARDHANA MOTHERSON INTERNATIONAL LIMITED,IN,orbis
KIA EUROPE GMBH,DE,orbis
INCHCAPE PLC,GB,orbis
SINOTRUK (HONG KONG) LIMITED,HK,orbis
TOYOTA BOSHOKU CORPORATION,JP,orbis
"VOLKSWAGEN SLOVAKIA, A.S.",SK,orbis
"LUCHENG HONGCHENG TRANSPORT CO., LTD.",CN,orbis
TOYOTA MOTOR ASIA (THAILAND) CO LTD,TH,orbis
XCMG CONSTRUCTION MACHINERY COMPANY LIMITED,CN,orbis
GESTAMP AUTOMOCION S.A.,ES,orbis
"LIUPANSHUI RUICHENG AUTOMOBILE SALES AND SERVICE CO., LTD.",CN,orbis
VOLVO LASTVAGNAR AKTIEBOLAG,SE,orbis
"DONGFENG MOTOR CO., LTD.",CN,orbis
"JINZHONG LITONG AUTOMOBILE SALES AND SERVICE CO., LTD.",CN,orbis
HYUNDAI MOTOR EUROPE GMBH,DE,orbis
"INNER MONGOLIA HAOLIE AUTOMOBILE SALES AND SERVICE CO., LTD.",CN,orbis
HINO MOTORS LTD,JP,orbis
"CHANGSHA BYD AUTO CO., LTD.",CN,orbis
SAIC GM WULING AUTOMOBILE COMPANY LIMITED,CN,orbis
"WUHAN HUALUN ELECTRONICS CO., LTD.",CN,orbis
"JM FAMILY ENTERPRISES, INC.",US,orbis
"ZHENGZHOU BYD AUTO CO., LTD.",CN,orbis
"HUBEI XINGLING SPECIAL GEARBOX CO., LTD.",CN,orbis
PON HOLDINGS B.V.,NL,orbis
OSHKOSH CORPORATION,US,orbis
"SAIC GM WULING AUTOMOBILE CO., LTD.",CN,orbis
ZEEKR INTELLIGENT TECHNOLOGY HOLDING LIMITED,KY,orbis
"AUTOLIV, INC.",US,orbis
"BEIJING LIDING AUTOMOBILE SALES CO., LTD.",CN,orbis
"YINJIANG TUJIA AND MIAO AUTONOMOUS COUNTY HONGDA AUTOMOBILE SALES CO., LTD.",CN,orbis
RHEINMETALL AG,DE,orbis
DANA INCORPORATED,US,orbis
VOLKSWAGEN GROUP FRANCE,FR,orbis
"JILIN PROVINCE HENGHAO TECHNOLOGY CO., LTD.",CN,orbis
"XIANGYANG HANHAI AUTOMOBILE SALES AND SERVICE CO., LTD.",CN,orbis
"XILIN GOL LEAGUE DELKANG TRADING CO., LTD.",CN,orbis
"HUBEI HUAWEISIBO ENVIRONMENTAL ENGINEERING CO., LTD.",CN,orbis
"XI'AN BOLIAN AUTOMOBILE SALES CO., LTD.",CN,orbis
GM KOREA COMPANY LTD,KR,orbis
BMW CHINA AUTOMOTIVE TRADING LTD.,CN,orbis
DONGFENG MOTOR COMPANY LIMITED DONGFENG NISSAN PASSENGER VEHICLE COMPANY,CN,orbis
"THOR INDUSTRIES, INC.",US,orbis
"CHONGQING LI AUTO AUTOMOBILE CO., LTD. CHANGZHOU BRANCH",CN,orbis
"GAC HONDA AUTOMOBILE CO., LTD.",CN,orbis
"JIANGLING MOTORS GROUP CO., LTD",CN,orbis
NISSAN MOTOR MANUFACTURING (UK) LIMITED,GB,orbis
AUDI HUNGARIA ZARTKORUEN MUKODO RESZVENYTARSASAG,HU,orbis
AUTOMOBILES CITROEN,FR,orbis
NIO INC.,KY,orbis
NIO INC.,KY,orbis
"TOYOTA MOTOR KYUSHU,INC.",JP,orbis
"SAIC GENERAL MOTORS SALES CO., LTD.",CN,orbis
TESLA MANUFACTURING BRANDENBURG SE,DE,orbis
"DONGFENG NISSAN AUTO SALES CO., LTD.",CN,orbis
"GAC HONDA AUTOMOBILE SALES CO., LTD.",CN,orbis
ZAMYAD COMPANY PUBLIC JOINT STOCK,IR,orbis
CHINA YONGDA AUTOMOBILES SERVICES HOLDINGS LIMITED,KY,orbis
HYUNDAI TRANSYS INC,KR,orbis
"GREAT WALL AUTO CO., LTD. CHONGQING PURCHASING BRANCH",CN,orbis
D'IETEREN GROUP SA/NV,BE,orbis
"WUHAN YIBO TECHNOLOGY DEVELOPMENT CO., LTD.",CN,orbis
"DAIHATSU MOTOR CO.,LTD.",JP,orbis
"TENNECO (DALIAN) EXHAUST SYSTEMS CO., LTD. ZHENGZHOU BRANCH",CN,orbis
"CHINA FIRST AUTOMOBILE CO., LTD.",CN,orbis
HYUNDAI MOTOR MANUFACTURING CZECH S.R.O.,CZ,orbis
KIA SLOVAKIA S. R. O.,SK,orbis
KNORR-BREMSE AG,DE,orbis
"ZHONGSHAN NOMI AUTOMOTIVE PRODUCTS TECHNOLOGY CO., LTD.",CN,orbis
"FAW JIEFANG GROUP CO.,LTD.",CN,orbis
"DONGFENG HONDA AUTOMOBILE CO., LTD.",CN,orbis
HYUNDAI MOTOR INDIA LIMITED,IN,orbis
"SHENZHEN BYD AUTOMOBILE INDUSTRY CO., LTD.",CN,orbis
VOLKSWAGEN GROUP ITALIA SOCIETA PER AZIONI (OPPURE - IN FORMA ABBREVIATA - VOLKSWAGEN GROUP ITALIA S.P.A.),IT,orbis
NISSAN AUTOMOTIVE EUROPE,FR,orbis
TOYOTA MOTOR CORPORATION AUSTRALIA LIMITED,AU,orbis
"FAW JIEFANG AUTOMOTIVE CO., LTD.",CN,orbis
PARS KHODRO COMPANY PUBLIC JOINT STOCK,IR,orbis
IVECO S.P.A.,IT,orbis
IRAN KHODRO DIESEL PUBLIC JOINT STOCK COMPANY,IR,orbis
RUSH ENTERPRISES INC,US,orbis
"WUHAN TIENIUJI TRADING CO., LTD.",CN,orbis
"HOTAI MOTOR CO.,LTD.",TW,orbis
NINGBO JOYSON ELECTRONIC CORP.,CN,orbis
TOYOTA KIRLOSKAR MOTOR PRIVATE LIMITED,IN,orbis
"SAIC MOTOR INTERNATIONAL CO., LTD.",CN,orbis
HORSE POWERTRAIN SOLUTIONS SL.,ES,orbis
MERCEDES-BENZ ESPANA SAU,ES,orbis
"DONGFENG HONDA AUTOMOBILE SALES CO., LTD.",CN,orbis
LINAMAR CORPORATION,CA,orbis
RENAULT ESPANA SA,ES,orbis
BMW (UK) LIMITED,GB,orbis
KAWASAKI HEAVY INDUSTRIES LIMITED,AU,orbis
"WUHAN FLEX INDUSTRIAL TECHNOLOGY CO., LTD.",CN,orbis
"GAC TRUMPCHI CAR SALES CO., LTD.",CN,orbis
TOYODA GOSEI CO LTD,JP,orbis
"NIO (ANHUI) CO., LTD.",CN,orbis
DAF TRUCKS N.V.,NL,orbis
EAGERS AUTOMOTIVE LIMITED,AU,orbis
FERRARI N.V.,NL,orbis
"GAC MOTOR CO., LTD.",CN,orbis
CHONGQING DADUKOU DISTRICT LIXIN AUTO PARTS FACTORY,CN,orbis
"WUHU JIETU AUTOMOBILE SALES CO., LTD.",CN,orbis
RENAULT TRUCKS,FR,orbis
"CHINA AEROSPACE SANJIANG GROUP CO., LTD.",CN,orbis
ISUZU MOTORS (THAILAND) CO LTD,TH,orbis
FERRARI-SOCIETA'PER AZIONI ESERCIZIO FABBRICHE AUTOMOBILI E CORSE O SEMPLICEMENTE: FERRARI S.P.A.,IT,orbis
"CHANGAN FORD AUTOMOBILE CO., LTD.",CN,orbis
"BEIQI FOTON MOTOR CO., LTD.",CN,orbis
CHONGQING YONGCHUAN GREAT WALL AUTOMOTIVE PARTS COMPANY LIMITED,CN,orbis
"WUHAN QUANTA ELECTROMECHANICAL PRODUCTS CO., LTD.",CN,orbis
AUTO1 GROUP SE,DE,orbis
"PORSCHE (CHINA) AUTOMOBILE SALES CO., LTD.",CN,orbis
"CHANGZHOU BYD AUTO CO., LTD.",CN,orbis
ARNOLD CLARK AUTOMOBILES LIMITED,GB,orbis
"GREAT WALL MOTOR CO., LTD. XUSHUI BRANCH",CN,orbis
"TOYOTA MOTOR EAST JAPAN , INC.",JP,orbis
MOTUS HOLDINGS LIMITED,ZA,orbis
"SINOTRUK GROUP INTERNATIONAL CO., LTD",CN,orbis
"BOSCH AUTOMOTIVE PRODUCTS (SUZHOU) CO., LTD.",CN,orbis
VOLVO CAR BELGIUM,BE,orbis
"KOITO MANUFACTURING CO., LTD.",JP,orbis
SINOTRUK JINAN TRUCK COMPANY LIMITED,CN,orbis
"AMERICAN AXLE & MANUFACTURING HOLDINGS, INC.",US,orbis
"FAW HONGQI AUTOMOBILE SALES CO., LTD.",CN,orbis
"CAMPING WORLD HOLDINGS, INC.",US,orbis
MERCEDES-BENZ UK LIMITED,GB,orbis
VOLKSWAGEN POZNAN SP. Z O.O.,PL,orbis
"BYD AUTO CO., LTD. CHANGZHOU BRANCH",CN,orbis
"HL MANDO CO.,LTD.",KR,orbis
VERTU MOTORS PLC,GB,orbis
VOLKSWAGEN GROUP POLSKA SP. Z O.O.,PL,orbis
"ANHUI CHERY AUTOMOBILE SALES CO., LTD.",CN,orbis
"JINAN BYD AUTO CO., LTD.",CN,orbis
"FAW-VOLKSWAGEN AUTOMOTIVE CO., LTD. CHENGDU BRANCH",CN,orbis
YAZAKI CORPORATION,JP,orbis
AUTOMOBILE-DACIA SA,RO,orbis
"SAIC GENERAL MOTORS CO., LTD. WUHAN BRANCH",CN,orbis
"ANHUI JIANGHUAI AUTOMOBILE GROUP CORP., LTD.",CN,orbis
"CHINA AUTOMOBILE TRADING CO., LTD.",CN,orbis
"BEIJING HAINACHUAN AUTOMOTIVE PARTS CO., LTD.",CN,orbis
"SINOMACH AUTOMOBILE CO.,LTD.",CN,orbis
XPENG INC.,KY,orbis
HONDA MOTOR EUROPE LIMITED,GB,orbis
ASHOK LEYLAND LIMITED,IN,orbis
TOYOTA MOTOR MANUFACTURING FRANCE,FR,orbis
"UNITED AUTOMOTIVE ELECTRONIC SYSTEMS CO., LTD.",CN,orbis
"HUBEI ZHONGXIANG FUTONG AUTO TRADE CO., LTD.",CN,orbis
HYUNDAI WIA CORPORATION,KR,orbis
"JINGZHOU OPEL AUTO PARTS CO., LTD.",CN,orbis
"SHENZHEN DENZA NEW ENERGY AUTOMOTIVE CO., LTD.",CN,orbis
"CHANGAN FORD AUTOMOBILE CO., LTD. SALES BRANCH",CN,orbis
"WANXIANG GROUP CO., LTD.",CN,orbis
"FUZHOU DANLAW XICHENG ELECTRONIC TECHNOLOGY CO., LTD.",CN,orbis
FORD ESPANA SL,ES,orbis
LOOKERS LIMITED,GB,orbis
TOYOTA CENTRAL EUROPE SP. Z O.O.,PL,orbis
NHK SPRING CO LTD,JP,orbis
"WUHAN GAODIAN ELECTRIC POWER EQUIPMENT CO., LTD.",CN,orbis
MAHLE THERMAL AND FLUID SYSTEMS GMBH & CO. KG,DE,orbis
"HAOCHEYIGOU (HUBEI) AUTOMOBILE SERVICE CO., LTD.",CN,orbis
"LYNK & CO AUTOMOBILE SALES CO., LTD.",CN,orbis
ASTARA MOBILITY SA,ES,orbis
SAIC MOTOR PASSENGER VEHICLE COMPANY ZHENGZHOU BRANCH,CN,orbis
"SHAANXI HEAVY DUTY AUTOMOBILE CO., LTD.",CN,orbis
"JAGUAR LAND ROVER (CHINA) INVESTMENT CO., LTD.",CN,orbis
TEREX CORPORATION,US,orbis
JIANGLING MOTORS CORPORATION LIMITED,CN,orbis
"YUTONG BUS CO.,LTD.",CN,orbis
"DEEP BLUE AUTOMOTIVE TECHNOLOGY CO., LTD.",CN,orbis
"NIO CO., LTD.",CN,orbis
MITSUBISHI FUSO TRUCK AND BUS CORPORATION,JP,orbis
SAIC MOTOR PASSENGER VEHICLE COMPANY FUJIAN BRANCH,CN,orbis
"ZHAOQING XIAOPENG NEW ENERGY INVESTMENT CO., LTD.",CN,orbis
"RIVIAN AUTOMOTIVE, INC.",US,orbis
"KG ECO SOLUTION CO., LTD.",KR,orbis
"NINGBO HANGZHOU BAY GEELY AUTO PARTS CO., LTD.",CN,orbis
"NEMAK, S.A.B. DE C.V.",MX,orbis
MAZDA MOTOR LOGISTICS EUROPE,BE,orbis
"WUHAN SANGHUI AUTO PARTS CO., LTD.",CN,orbis
"DENSO (CHINA) INVESTMENT CO., LTD.",CN,orbis
"GAC AION NEW ENERGY AUTOMOBILE CO., LTD.",CN,orbis
HONDA AUTOMOBILE (THAILAND) CO LTD,TH,orbis
MITSUBISHI MOTORS (THAILAND) CO LTD,TH,orbis
HERO MOTOCORP LIMITED,IN,orbis
MAZDA MOTOR LOGISTICS EUROPE NV - LIMITED LIABILITY COMPANY,IE,orbis
INTER CARS SA,PL,orbis
"CHINA AEROSPACE SANJIANG GROUP CO., LTD.",CN,orbis
"QIANJIANG HAITONG AUTOMOBILE SALES AND SERVICE CO., LTD.",CN,orbis
"FUTABA INDUSTRIAL CO., LTD.",JP,orbis
"SHIYAN YUXUAN INDUSTRY AND TRADE CO., LTD.",CN,orbis
"BRIDGESTONE EUROPE NV/SA, HUNGARIAN BRANCH",HU,orbis
D'IETEREN AUTOMOTIVE SA/NV,BE,orbis
GRAND BAOXIN AUTO GROUP LIMITED,KY,orbis
"CHERY COMMERCIAL VEHICLE (ANHUI) CO., LTD.",CN,orbis
BMW MOTOREN GMBH,AT,orbis
TVS HOLDINGS LIMITED,IN,orbis
"SHANGHAI AUTOMOTIVE INDUSTRY SALES CO., LTD.",CN,orbis
"FUZHOU BYD INDUSTRIAL CO., LTD.",CN,orbis
GROUPE PSA ITALIA S.P.A.,IT,orbis
BMW FRANCE,FR,orbis
"BEIJING IDEAL AUTOMOBILE CO., LTD. CHANGZHOU BRANCH",CN,orbis
RENAULT ITALIA S.P.A.,IT,orbis
MITSUBISHI LOGISNEXT CO LTD,JP,orbis
"ZHEJIANG LEAPMOTOR TECHNOLOGY CO., LTD.",CN,orbis
MERCEDES-BENZ FRANCE,FR,orbis
"FAW-VOLKSWAGEN AUTOMOTIVE CO., LTD. TIANJIN BRANCH",CN,orbis
"XIANGYANG 07 MACHINERY CO., LTD.",CN,orbis
"ZHEJIANG LEAPMOTOR TECHNOLOGY CO., LTD.",CN,orbis
PERODUA SALES SDN. BHD.,MY,orbis
MERCEDES-BENZ MANUFACTURING HUNGARY KORLATOLT FELELOSSEGU TARSASAG,HU,orbis
NITERRA CO. LTD.,JP,orbis
TOYOTA(G.B.) PLC,GB,orbis
CUPRA SEAT DEUTSCHLAND GMBH,DE,orbis
"UNITED AUTOMOTIVE ELECTRONICS CO., LTD.",CN,orbis
XPENG INC.,KY,orbis
"SICHUAN FAW TOYOTA MOTOR CO., LTD. CHANGCHUN FENGYUE COMPANY",CN,orbis
AUTOALLIANCE (THAILAND) CO LTD,TH,orbis
VOLKSWAGEN GROUP ESPANA DISTRIBUCION SA.,ES,orbis
TOYOTA MOBILITY PARTS K.K.,JP,orbis
"XIAOMI AUTOMOTIVE TECHNOLOGY CO., LTD.",CN,orbis
TRIGANO,FR,orbis
"HYSTER-YALE, INC.",US,orbis
NEXTEER AUTOMOTIVE GROUP LIMITED,KY,orbis
AUTOCANADA INC.,CA,orbis
"HUBEI TIANLI AUTO PARTS MANUFACTURING CO., LTD.",CN,orbis
TOYOTA FRANCE,FR,orbis
AARS AS,NO,orbis
VOLKSWAGEN NAVARRA SA,ES,orbis
"TIREHUB, LLC",US,orbis
OTOKOC OTOMOTIV TICARET VE SANAYI ANONIM SIRKETI,TR,orbis
"NGK INSULATORS, LTD.",JP,orbis
"WUHAN JIACHI TRADING CO., LTD.",CN,orbis
BRIDGESTONE EUROPE NV/SA,BE,orbis
TOKAI RIKA CO LTD,JP,orbis
RENAULT TANGER EXPLOITATION,MA,orbis
"BMW KOREA CO.,LTD",KR,orbis
BREMBO SPA,IT,orbis
CAUSEWAY CONSORTIUM HOLDINGS LIMITED,IE,orbis
FCA POLAND SP. Z O.O.,PL,orbis
FORD OTOSAN ROMANIA S.R.L.,RO,orbis
SOUTHEAST (FUJIAN) MOTOR CORPORATION LTD.,CN,orbis
"GUANGZHOU WEIJUN NEW ENERGY TECHNOLOGY CO., LTD.",CN,orbis
VOLVO GROUP BELGIUM,BE,orbis
STELLANTIS & YOU FRANCE SAS,FR,orbis
FORD MOTOR COMPANY OF AUSTRALIA PTY LTD,AU,orbis
"VOLKSWAGEN AUTOEUROPA, LDA",PT,orbis
"XIANGYANG QIANJING TRADING CO., LTD.",CN,orbis
"DEALER TIRE, LLC",US,orbis
"PANASONIC AUTOMOTIVE SYSTEMS CO.,LTD.",JP,orbis
MERCEDES-BENZ KOREA LTD,KR,orbis
VISTEON CORPORATION,US,orbis
PORSCHE AUSTRIA GESELLSCHAFT M.B.H. & CO. OG,AT,orbis
SAIC GM DONGYUE MOTORS COMPANY LIMITED,CN,orbis
THAI HONDA CO LTD,TH,orbis
BMW ITALIA SPA,IT,orbis
"NINGBO AILIDE AUTO PARTS CO., LTD.",CN,orbis
"SHIYAN ZHENGTONGYUAN MATERIALS TRADING CO., LTD.",CN,orbis
"SAIC VOLKSWAGEN AUTOMOTIVE CO., LTD. NANJING BRANCH",CN,orbis
LCI INDUSTRIES,US,orbis
MERCEDES-BENZ JAPAN G.K.,JP,orbis
"FAW-VOLKSWAGEN AUTOMOTIVE CO., LTD. FOSHAN BRANCH",CN,orbis
DRB-HICOM BERHAD,MY,orbis
"NINGBO TUOPU GROUP CO.,LTD.",CN,orbis
"GAOYOU DONGFANGYOUDU ENVIRONMENTAL CLEANING SERVICE CO., LTD.",CN,orbis
VOLVO CAR GERMANY GMBH,DE,orbis
"VOLKSWAGEN AUTOMATIC TRANSMISSION (TIANJIN) CO., LTD.",CN,orbis
"ZHEJIANG GEELY AUTOMOBILE CO., LTD. NINGBO HANGZHOU BAY PLANT",CN,orbis
SOCIETE MECANIQUE AUTOMOBILE DE L'EST,FR,orbis
PEUGEOT CITROEN MULHOUSE SNC,FR,orbis
KAMAZ PUBLICLY TRADED COMPANY,RU,orbis
"YANASE&CO.,LTD.",JP,orbis
"NEXTAGE CO.,LTD.",JP,orbis
"CHINA NATIONAL HEAVY DUTY TRUCK GROUP JINAN COMMERCIAL VEHICLE CO., LTD.",CN,orbis
"NINGBO HUAXIANG ELECTRONIC CO., LTD.",CN,orbis
HYUNDAI MOTOR DEUTSCHLAND GMBH,DE,orbis
"WUHAN CHIBA AUTO PARTS CO., LTD.",CN,orbis
AUTOMOBILI LAMBORGHINI S.P.A.,IT,orbis
"DAQING FENGWO AUTOMOBILE SALES CO., LTD.",CN,orbis
GREAT WALL MOTOR RUS LIMITED LIABILITY COMPANY,RU,orbis
ASIAN HONDA MOTOR CO LTD,TH,orbis
"DAQING VOLVO CAR MANUFACTURING CO., LTD.",CN,orbis
"XIAOPENG MOTORS SALES CO., LTD.",CN,orbis
KIA UK LIMITED,GB,orbis
BILIA AB,SE,orbis
PEUGEOT CITROEN SOCHAUX SNC,FR,orbis
"WEICHAI POWER CO., LTD.",CN,orbis
"DEEP BLUE AUTO SALES (CHONGQING) CO., LTD.",CN,orbis
TOYOTA MOTOR ITALIA S.P.A.,IT,orbis
"CIMC VEHICLES (GROUP) CO., LTD.",CN,orbis
TI FLUID SYSTEMS LIMITED,GB,orbis
SUPER GROUP LIMITED,ZA,orbis
MARTINREA INTERNATIONAL INC.,CA,orbis
"JIANGMEN ZHICHENG GENERAL MACHINERY CO., LTD.",CN,orbis
"NORTH LINYUN INDUSTRIAL GROUP CO.,LTD",CN,orbis
GARRETT MOTION INC.,US,orbis
MOELLER MOBILITY GROUP AS,NO,orbis
MERCEDES-BENZ ITALIA S.P.A.,IT,orbis
HIAB OYJ,FI,orbis
"SHIYAN FANGDE MECHANICAL AND ELECTRICAL EQUIPMENT CO., LTD.",CN,orbis
BAHMAN DIEZEL COMPANY PUBLIC JOINT STOCK,IR,orbis
LIMITED LIABILITY COMPANY GEELY-MOTORS,RU,orbis
RENAULT RETAIL GROUP,FR,orbis
"FPT INDUSTRIAL S.P.A. O, PER ESTESO, FIAT POWERTRAIN TECHNOLOGIES INDUSTRIAL S.P.A.",IT,orbis
"STANLEY ELECTRIC CO., LTD.",JP,orbis
WE BUY ANY CAR LIMITED,GB,orbis
PHINIA INC.,US,orbis
TOYOTA ESPANA SL,ES,orbis
HORSE POWERTRAIN SPAIN SL.,ES,orbis
IRAN AUTO PARTS INDUSTRIAL COMPANY PUBLIC JOINT STOCK,IR,orbis
AMPERE ELECTRICITY,FR,orbis
"FLEETPRIDE, INC.",US,orbis
"TOYOTA MOTOR MANUFACTURING CZECH REPUBLIC, S.R.O.",CZ,orbis
IDOM INC.,JP,orbis
BMW VERTRIEBS GMBH,AT,orbis
"JIANGSU YUEDA KIA MOTOR CO., LTD.",CN,orbis
IVECO ESPANA SLU,ES,orbis
"KAI YUE AUTO PARTS MANUFACTURING (ZHANGJIAKOU) CO., LTD.",CN,orbis
"BEIJING HYUNDAI MOTOR CO., LTD. SALES BRANCH",CN,orbis
MINTH GROUP LIMITED,KY,orbis
"AUDI CHINA ENTERPRISE MANAGEMENT CO., LTD.",CN,orbis
ISUZU MOTORS INTERNATIONAL OPERATIONS (THAILAND) CO LTD,TH,orbis
"ALLISON TRANSMISSION HOLDINGS, INC.",US,orbis
MAN TRUCKS SP. Z O.O.,PL,orbis
HYUNDAI MOTOR UK LIMITED,GB,orbis
RENAULT ESPANA COMERCIAL SA,ES,orbis
"CHANGSHA XINGCHAO AUTO CO., LTD.",CN,orbis
"ZHONGJIA AUTOMOBILE MANUFACTURING(CHENGDU) CO., LTD.",CN,orbis
"TESLA MOTORS AUSTRALIA, PTY LTD",AU,orbis
"ADVICS CO.,LTD.",JP,orbis
"DONGFENG TRUCKS CO., LTD.",CN,orbis
TRELLEBORG AB,SE,orbis
DENSO EUROPE B.V.,NL,orbis
NFI GROUP INC.,CA,orbis
"SAIC MAXUS AUTOMOTIVE CO., LTD.",CN,orbis
"FAW-VOLKSWAGEN AUTOMOTIVE CO., LTD. QINGDAO BRANCH",CN,orbis
FORD MOTOR COMPANY (THAILAND) CO LTD,TH,orbis
"SCHAEFFLER TRADING (SHANGHAI) CO., LTD.",CN,orbis
"ZHEJIANG CENTURY HUATONG GROUP CO.,LTD",CN,orbis
"JIANGLING AUTOMOBILE SALES CO., LTD.",CN,orbis
ISUZU MOTORS SALES LTD.,JP,orbis
"BEIJING BENZ AUTOMOTIVE CO., LTD. SHUNYI BRANCH",CN,orbis
BOYD GROUP SERVICES INC.,CA,orbis
"BEIJING IDEAL AUTOMOBILE CO., LTD.",CN,orbis
TOYOTA MOBILITY TOKYO INC.,JP,orbis
CHINA MEIDONG AUTO HOLDINGS LIMITED,KY,orbis
"NINGBO JIFENG AUTO PARTS CO., LTD.",CN,orbis
RENAULT DO BRASIL S.A.,BR,orbis
"GONGZHULING BOHANG SPECIAL PURPOSE VEHICLE CO., LTD.",CN,orbis
"HUANGSHI DONGBAO TRADING CO., LTD.",CN,orbis
BMW BELGIUM LUXEMBOURG,BE,orbis
NISSAN MOTOR (GB) LIMITED,GB,orbis
"BEIJING FOTON INTERNATIONAL MOTOR CO., LTD.",CN,orbis
VOLKSWAGEN GROUP SVERIGE AB,SE,orbis
"HU'NAN GEELY AUTOMOBILE PARTS CO., LTD.",CN,orbis
"HENAN ABCD AUTO SERVICE CO., LTD.",CN,orbis
"BEIJING FOTON DAIMLER AUTOMOTIVE CO., LTD.",CN,orbis
"SHANGHAI ZHIYI INSTRUMENT CO., LTD.",CN,orbis
RENAULT U.K. LIMITED,GB,orbis
VOLVO CAR UK LIMITED,GB,orbis
PEUGEOT MOTOR COMPANY PLC,GB,orbis
TOYOTA DEUTSCHLAND GMBH,DE,orbis
CHINA ZHENGTONG AUTO SERVICES HOLDINGS LIMITED,KY,orbis
"ANQING XINGKAI AUTOMOBILE TRADING CO., LTD.",CN,orbis
"SUNGWOO HITECH CO.,LTD.",KR,orbis
BEIJING HYUNDAI MOTOR COMPANY BEIJING BRANCH,CN,orbis
"SCHAEFFLER (CHINA) CO., LTD.",CN,orbis
"WUHAN JIANGHUAN AUTOMOBILE SALES CO., LTD.",CN,orbis
LOHOMIJ B.V.,NL,orbis
"CHANGAN FORD AUTOMOBILE CO., LTD. HANGZHOU BRANCH",CN,orbis
"FAW JIEFANG QINGDAO AUTOMOBILE CO., LTD.",CN,orbis
"TIANJIN FAW TOYOTA MOTOR CO., LTD. NEW ENERGY BRANCH",CN,orbis
NISSAN MOTOR (THAILAND) CO LTD,TH,orbis
ARAMIS GROUP,FR,orbis
"WINNEBAGO INDUSTRIES, INC.",US,orbis
GREAT WALL MOTOR COMPANY LIMITED TAIZHOU BRANCH,CN,orbis
AUTOTORINO S.P.A.,IT,orbis
"ZHEJIANG JIRUN MEISHAN AUTO PARTS CO., LTD.",CN,orbis
IVECO FRANCE,FR,orbis
"MACHENG FUDIE AUTO PARTS CO., LTD.",CN,orbis
ADIENT MEXICO SRL,MX,orbis
"NINGBO JIRUN AUTO PARTS CO., LTD.",CN,orbis
"ZHUZHOU TIMES NEW MATERIAL TECHNOLOGY CO., LTD",CN,orbis
"NISSAN (CHINA) INVESTMENT CO., LTD.",CN,orbis
BENTLEY MOTORS LIMITED,GB,orbis
VE COMMERCIAL VEHICLES LIMITED,IN,orbis
"SEOYONEHWA CO.,LTD.",KR,orbis
GREAT WALL MOTOR COMPANY LIMITED JINGMEN BRANCH,CN,orbis
KIA DEUTSCHLAND GMBH,DE,orbis
COOPER-STANDARD HOLDINGS INC.,US,orbis
SAUDI AUTOMOTIVE SERVICES COMPANY (SAUDI JOINT STOCK COMPANY),SA,orbis
"YUYAO LYNK & CO AUTO PARTS CO., LTD.",CN,orbis
FORD ITALIA S.P.A.,IT,orbis
UD TRUCKS CORPORATION,JP,orbis
"TRI-RING GROUP CO., LTD.",CN,orbis
FORD RETAIL LIMITED,GB,orbis
"NINGBO HUAXIANG ELECTRONICS CO., LTD.",CN,orbis
CHANGCHUN FAWAY AUTOMOBILE COMPONENTS COMPANY LIMITED,CN,orbis
"JIANGSU XINDIAN INTERACTION AUTOMOBILE SALES SERVICE CO., LTD.",CN,orbis
VAUXHALL MOTORS LIMITED,GB,orbis
BMW (UK) MANUFACTURING LIMITED,GB,orbis
ABC TECHNOLOGIES INC,CA,orbis
"KAWASAKI  MOTORS,LTD.",JP,orbis
KG MOBILITY CORP.,KR,orbis
"TESLA AUTOMOBILE SALES AND SERVICE (SHANGHAI) CO., LTD.",CN,orbis
"YULON MOTOR CO.,LTD",TW,orbis
EVANS HALSHAW LIMITED,GB,orbis
"SHAANXI HEAVY DUTY AUTOMOBILE IMPORT & EXPORT CO., LTD.",CN,orbis
"BAOJI GEELY AUTOMOTIVE PARTS CO., LTD.",CN,orbis
"SHIYAN YUNLIHONG INDUSTRY AND TRADE CO., LTD.",CN,orbis
BOSCH CORPORATION,JP,orbis
"HOLMAN AUTOMOTIVE GROUP, INC.",US,orbis
LING YUN INDUSTRIAL CORPORATION LIMITED,CN,orbis
MODINE MANUFACTURING COMPANY,US,orbis
"SHANXI NOVELLAND GROUP JINZHONG RUICHANG AUTOMOBILE SALES SERVICE CO., LTD.",CN,orbis
VOLVO CAR SVERIGE AKTIEBOLAG,SE,orbis
"SHIYAN RUIGAO AUTO PARTS CO., LTD.",CN,orbis
"TUANFENG COUNTY BLUE SKY MOTORCYCLE SALES CO., LTD.",CN,orbis
"TRUCKPRO, LLC",US,orbis
"VOYAH AUTOMOBILE TECHNOLOGY CO., LTD.",CN,orbis
BMW IBERICA SAU.,ES,orbis
SYTNER LIMITED,GB,orbis
"WANYOU AUTOMOBILE INVESTMENT CO., LTD.",CN,orbis
"RENAULT KOREA CO.,LTD",KR,orbis
MOBIS AUTOMOTIVE CZECH S.R.O.,CZ,orbis
"HUBEI JIUDA AUTO PARTS MANUFACTURING CO., LTD.",CN,orbis
"FAW TOYOTA MOTOR (CHENGDU) CO., LTD.",CN,orbis
VOLVO POWERTRAIN AKTIEBOLAG,SE,orbis
AMSTED INDUSTRIES INCORPORATED,US,orbis
TRI PETCH ISUZU SALES CO LTD,TH,orbis
TOPRE CORPORATION,JP,orbis
SKANDINAVISK MOTOR CO. A/S,DK,orbis
ROBERT BOSCH FRANCE,FR,orbis
GEELY AUTOMOBILE INTERNATIONAL CORPORATION,CN,orbis
"CHERY AUTOMOBILE CO., LTD. SPARE PARTS BRANCH",CN,orbis
TRUTOKS,RU,orbis
"WUHAN XIELI ELECTRICAL EQUIPMENT CO., LTD.",CN,orbis
"ZHAOQING XIAOPENG NEW ENERGY INVESTMENT CO., LTD. GUANGZHOU BRANCH",CN,orbis
"DENSO (CHINA) INVESTMENT CO., LTD. GUANGZHOU BRANCH",CN,orbis
IOCHPE MAXION S.A.,BR,orbis
"BAIC GROUP OFF-ROAD VEHICLE CO., LTD.",CN,orbis
"VOYAH AUTOMOBILE SALES AND SERVICE CO., LTD.",CN,orbis
"GREAT WALL MOTOR CO., LTD. TIANJIN HAVAL BRANCH",CN,orbis
"REV GROUP, INC.",US,orbis
JB POINDEXTER & CO INC,US,orbis
FMC AUTOMOBILES,FR,orbis
"DONGFENG HONDA ENGINE CO., LTD.",CN,orbis
"VIRIDI E-MOBILITY TECHNOLOGY (NINGBO) CO., LTD.",CN,orbis
TESLA MOTORS LIMITED,GB,orbis
THACO AUTO DISTRIBUTION COMPANY LIMITED,VN,orbis
TOYOTA MOTOR MANUFACTURING (UK) LIMITED,GB,orbis
SIAM TOYOTA MANUFACTURING CO LTD,TH,orbis
SAUDI AUTOMOTIVE SERVICES CO,SA,orbis
"ELLIOTT AUTO SUPPLY CO., INC",US,orbis
WHEEL PROS LLC,US,orbis
"CHINA FAW GROUP IMPORT & EXPORT CO., LTD.",CN,orbis
"JINGZHOU LINYOU INDUSTRY AND TRADE CO., LTD.",CN,orbis
"HEFEI CHANG'AN AUTOMOBILE CO., LTD.",CN,orbis
"WUHU ACTECO POWERTRAIN CO., LTD.",CN,orbis
SOCIETE VEHICULES AUTOMOBILES BATILLY,FR,orbis
XIA COUNTY HONGXING GAS STATION,CN,orbis
"BEIJING HYUNDAI MOTOR CO., LTD.",CN,orbis
SOCIETE EUROPEENNE DE VEHICULES LEGERS DU NORD - SEVEL NORD,FR,orbis
"SAIC MAXUS AUTOMOTIVE CO., LTD. WUXI BRANCH",CN,orbis
LOOKERS MOTOR GROUP LIMITED,GB,orbis
SHANGHAI HUIZHONG AUTOMOBILE MANUFACTURING COMPANY,CN,orbis
SCHMITZ CARGOBULL AKTIENGESELLSCHAFT,DE,orbis
"ANHUI HELI CO.,LTD.",CN,orbis
"DONGFENG LIUZHOU MOTOR CO., LTD.",CN,orbis
"XI'AN BYD AUTO PARTS CO., LTD.",CN,orbis
VT HOLDINGS CO LTD,JP,orbis
MARSHALL MOTOR GROUP LIMITED,GB,orbis
PLATFORM A JOINT-STOCK COMPANY,RU,orbis
NISSAN SHATAI CO LTD,JP,orbis
"ZHENYI AUTOMOBILE CO., LTD.",CN,orbis
DRIVEN BRANDS HOLDINGS INC.,US,orbis
PINGYUAN COUNTY SISHUI GAS STATION,CN,orbis
"ASIA EURO AUTOMOBILE MANUFACTURING (TAIZHOU) CO., LTD.",CN,orbis
MITSUBA CORPORATION,JP,orbis
MERCEDES-BENZ BELGIUM LUXEMBOURG,BE,orbis
YAZAKI EUROPE LIMITED,GB,orbis
"VOLVO CAR DISTRIBUTION (SHANGHAI) CO., LTD.",CN,orbis
"DAIHATSU MOTOR KYUSHU CO.,LTD.",JP,orbis
GENTEX CORP,US,orbis
MAGYAR SUZUKI ZARTKORUEN MUKODO RESZVENYTARSASAG,HU,orbis
"SHANGHAI HUIZHONG AUTOMOBILE MANUFACTURING CO., LTD.",CN,orbis
"SHIYAN HENUO AUTO PARTS CO., LTD.",CN,orbis
"HANGCHA GROUP CO.,LTD",CN,orbis
FAWER AUTOMOTIVE PARTS LIMITED COMPANY,CN,orbis
VITESCO TECHNOLOGIES GMBH,DE,orbis
G-TEKT CORPORATION,JP,orbis
"APTIV ELECTRIC SYSTEMS CO., LTD.",CN,orbis
"AISAN INDUSTRY CO., LTD.",JP,orbis
GREENHOUS GROUP (HOLDINGS) LIMITED,GB,orbis
AUDI BRUSSELS,BE,orbis
DOMETIC GROUP AB,SE,orbis
SYMBOTIC INC.,US,orbis
GROUP 1 RETAIL LIMITED,GB,orbis
"ZHEJIANG WANFENG AUTO WHEEL CO., LTD.",CN,orbis
PEUGEOT CITROEN PIECES DE RECHANGE,FR,orbis
SERVICE KING PAINT & BODY LLC,US,orbis
"ZHEJIANG GEELY AUTOMOBILE SALES CO., LTD.",CN,orbis
"SUZHOU INOVANCE AUTOMOTIVE CO., LTD.",CN,orbis
CHINA HARMONY AUTO HOLDING LIMITED,KY,orbis
CHINA HARMONY AUTO HOLDING LIMITED,KY,orbis
"BEIJING ELECTRIC VEHICLE CO., LTD.",CN,orbis
"VOLKSWAGEN FAW ENGINE (DALIAN) CO., LTD.",CN,orbis
EICHER MOTORS LIMITED,IN,orbis
MERCEDES-BENZ MANUFACTURING POLAND SP. Z O.O.,PL,orbis
BCA OUTSOURCE SOLUTIONS LIMITED,GB,orbis
"YANFENG ADIENT SEATING CO., LTD.",CN,orbis
KIA AUSTRALIA PTY LTD,AU,orbis
MAGNA PT B.V. & CO. KGAA,DE,orbis
SAIC GM WULING AUTOMOBILE COMPANY LIMITED QINGDAO BRANCH,CN,orbis
"SANGO CO.,LTD.",JP,orbis
"PCA SLOVAKIA, S.R.O.",SK,orbis
"WEINS TOYOTA KANAGAWA CO.,LTD.",JP,orbis
BOSCH LIMITED,IN,orbis
MAZDA AUSTRALIA PTY. LIMITED,AU,orbis
MEHRCAMP ARS COMPANY PUBLIC JOINT STOCK,IR,orbis
"DONGFENG LIUZHOU MOTOR CO., LTD.",CN,orbis
"AVATR CO., LTD.",CN,orbis
CHERY AUTOMOBILE RUS,RU,orbis
"SHANGHAI HUIZHONG AUTOMOTIVE MANUFACTURING CO., LTD.",CN,orbis
FCA FRANCE,FR,orbis
"UTILITY TRAILER MANUFACTURING COMPANY, LLC",US,orbis
"FIRST BRANDS GROUP, LLC",US,orbis
MOBIS SLOVAKIA S.R.O.,SK,orbis
EXEDY CORPORATION,JP,orbis
"BEIQI FOTON MOTOR CO., LTD. TIMES PILOT TRUCK PLANT",CN,orbis
"SHANGHAI ANJI AUTOMOBILE TRADING CO., LTD.",CN,orbis
"HUBEI XIAOGAN HUANCHENG TRADING CO., LTD.",CN,orbis
VOLKSWAGEN GROUP AUSTRALIA PTY LTD,AU,orbis
PORSCHE CARS GREAT BRITAIN LIMITED,GB,orbis
GORES GUGGENHEIM INC,US,orbis
TUHU CAR INC.,KY,orbis
TUHU CAR INC.,KY,orbis
FLEX-N-GATE LLC,US,orbis
GRAMMER AG,DE,orbis
HONDA CARS INDIA LIMITED,IN,orbis
HAVAL MOTOR MANUFACTURING RUS LLC,RU,orbis
"YADEA TECHNICAL DEVELOPMENT SALES CO., LTD.",CN,orbis
PERODUA GLOBAL MANUFACTURING SDN. BHD.,MY,orbis
F-TECH INC,JP,orbis
GOTTFRIED SCHULTZ B.V. & CO. KG,DE,orbis
"DORMAN PRODUCTS, INC.",US,orbis
"BAIC BLUEPARK NEW ENERGY TECHNOLOGY CO.,LTD.",CN,orbis
VERTU FOURTH INVESTMENTS LIMITED,GB,orbis
"SANYANG MOTOR CO., LTD",TW,orbis
FOREST RIVER INC,US,orbis
MEHVARSAZAN IRAN KHODRO INDUSTRIAL COMPANY PUBLIC JOINT STOCK,IR,orbis
HONDA MALAYSIA SDN. BHD.,MY,orbis
ASTON MARTIN LAGONDA GLOBAL HOLDINGS PLC,GB,orbis
PROTON EDAR SDN. BHD.,MY,orbis
JATCO LTD,JP,orbis
HI-LEX CORPORATION,JP,orbis
JOINT-STOCK COMPANY ROLF,RU,orbis
PEUGEOT CITROEN AUTOMOBILES MAROC,MA,orbis
DJONSON METI SKOPJE DOOEL,MK,orbis
"XIAMEN C&D AUTOMOBILE CO., LTD.",CN,orbis
"CHERY COMMERCIAL VEHICLE (ANHUI) CO., LTD. HENAN BRANCH",CN,orbis
UNO MINDA LIMITED,IN,orbis
MOBIS INDIA LIMITED,IN,orbis
AISIN EUROPE,BE,orbis
"SAILUN TIRE SALES CO., LTD.",CN,orbis
"BAOJI GEELY AUTOMOBILE SALES CO., LTD.",CN,orbis
SAF-HOLLAND SE,DE,orbis
TESLA GERMANY GMBH,DE,orbis
AUTOKINITON GLOBAL GROUP LP,US,orbis
WABASH NATIONAL CORPORATION,US,orbis
RANDON S.A. IMPLEMENTOS E PARTICIPACOES,BR,orbis
ASTON MARTIN LAGONDA LIMITED,GB,orbis
"SHIYAN HUYI INDUSTRY AND TRADE CO., LTD.",CN,orbis
SPOTLIGHT AUTOMOTIVE LIMITED,CN,orbis
IMMSI SPA,IT,orbis
VALEO ELECTRIFICATION,FR,orbis
BPW BERGISCHE ACHSEN KOMMANDITGESELLSCHAFT,DE,orbis
"BOSCH POWERTRAIN SYSTEMS CO., LTD.",CN,orbis
HYUNDAI MOTOR COMPANY AUSTRALIA PTY LIMITED,AU,orbis
CHANAN MOTORS RUS,RU,orbis
"CNPC BOHAI EQUIPMENT MANUFACTURING CO.,LTD",CN,orbis
VOLVO GROUP UK LIMITED,GB,orbis
"ZHEJIANG GEELY AUTOMOBILE CO., LTD. NINGBO HANGZHOU BAY SECOND BRANCH",CN,orbis
DECIDEBLOOM LIMITED,GB,orbis
KYUNGSHIN CORPORATION,KR,orbis
"SCHAEFFLER (CHINA) CO., LTD.",CN,orbis
"HANSUNG MOTOR CO.,LTD",KR,orbis
"KANAGAWA TOYOTA MOTOR SALES CO.,LTD",JP,orbis
ALLIANCE AUTOMOTIVE PROCUREMENT LIMITED,GB,orbis
IVECO DEUTSCHLAND AKTIENGESELLSCHAFT,DE,orbis
PORSCHE INTER AUTO GMBH & CO KG,AT,orbis
PERUSAHAAN OTOMOBIL NASIONAL SDN. BHD.,MY,orbis
UMW HOLDINGS BERHAD,MY,orbis
STELLANTIS BELUX,BE,orbis
ELRINGKLINGER AG,DE,orbis
VOLKSWAGEN MOTOR POLSKA SP. Z O.O.,PL,orbis
STELLANTIS &YOU UK LIMITED,GB,orbis
PERODUA MANUFACTURING SDN. BHD.,MY,orbis
AUTOSPORTS GROUP LIMITED,AU,orbis
BOYD GROUP INCOME FUND,CA,orbis
ONEWATER MARINE INC.,US,orbis
MAIS MOTORLU ARACLAR IMAL VE SATIS ANONIM SIRKETI,TR,orbis
LEAR CORPORATION GMBH,DE,orbis
PT INDOMOBIL SUKSES INTERNASIONAL TBK,ID,orbis
TESLA FRANCE,FR,orbis
FEDERAL SIGNAL CORPORATION,US,orbis
"SHANGHAI YANXING AUTOMOBILE SALES AND SERVICE CO., LTD.",CN,orbis
"GPB AUTOMOTIVE PORTFOLIO, LP",US,orbis
GPB AUTOMOTIVE PORTFOLIO LIMITED PARTNERSHIP,US,orbis
"EZHOU CHUHUI AUTOMOBILE SERVICE CO., LTD.",CN,orbis
DENSO SALES (THAILAND) CO LTD,TH,orbis
"CNHTC JINING COMMERCIAL VEHICLE CO., LTD.",CN,orbis
"IVECO CZECH REPUBLIC, A. S.",CZ,orbis
"SINOPEC SALES CO., LTD. GUANGDONG FOSHAN PETROLEUM BRANCH",CN,orbis
"CHANGZHOU XINGYU AUTOMOTIVE LIGHTING SYSTEMS CO.,LTD.",CN,orbis
STELLANTIS GLIWICE SP. Z O.O.,PL,orbis
VINFAST AUTO LTD.,SG,orbis
"MERCEDES BENZ (BEIJING) PARTS TRADING SERVICE CO., LTD.",CN,orbis
"CHERY AUTOMOBILE CO., LTD. DALIAN BRANCH",CN,orbis
"CHONGQING MACHINERY & ELECTRONICS HOLDING (GROUP) CO., LTD.",CN,orbis
BERTEL O. STEEN HOLDING AS,NO,orbis
"SAIC VOLKSWAGEN AUTOMOTIVE CO., LTD. YIZHENG BRANCH",CN,orbis
"GUIZHOU GEELY AUTOMOBILE MANUFACTURING CO., LTD.",CN,orbis
OPTIMUS GROUP COMPANY LIMITED,JP,orbis
HYUNDAI KEFICO CORPORATION,KR,orbis
NANJING AUTOMOBILE (GROUP) CORPORATION,CN,orbis
FIAT INDIA AUTOMOBILES PRIVATE LIMITED,IN,orbis
EMIL FREY NEDERLAND N.V.,NL,orbis
"OPENLANE, INC.",US,orbis
"TESLA MOTORS SALES AND SERVICE (NANJING) CO., LTD.",CN,orbis
K.K. HONDA MOBILITY SOUTH KANTO,JP,orbis
"NISSAN SHATAI KYUSHU CO., LTD.",JP,orbis
"WANXIANG QIANCHAO CO.,LTD.",CN,orbis
"FOSHAN CHANGFENG AUTO PARTS CO., LTD.",CN,orbis
SWIFT HOLDINGS INVESTMENTS PTY LTD,AU,orbis
"SEOJIN AUTOMOTIVE CO.,LTD.",KR,orbis
PAN GERMAN UNIVERSAL MOTORS LIMITED,TW,orbis
APTIV SERVICES DEUTSCHLAND GMBH,DE,orbis
KENWORTH MEXICANA SA DE CV,MX,orbis
TOYOTA MOTOR EUROPE ADAPAZARI SUBESI,TR,orbis
DELEK AUTOMOTIVE SYSTEMS LIMITED,IL,orbis
ZF CV SYSTEMS EUROPE,BE,orbis
TATA PASSENGER ELECTRIC MOBILITY LIMITED,IN,orbis
MITSUBISHI MOTORS AUSTRALIA LIMITED,AU,orbis
TUPY S.A.,BR,orbis
LISTERS GROUP LIMITED,GB,orbis
UNI-SELECT INC,CA,orbis
"CHONGQING LINGYAO AUTOMOBILE CO., LTD.",CN,orbis
SERVCO AUSTRALIA PTY LTD,AU,orbis
EMIL FREY MOTORS B.V.,NL,orbis
NIROO MOHAREKE INDUSTRIAL COMPANY PUBLIC JOINT STOCK,IR,orbis
BROSE SITECH SP. Z O.O.,PL,orbis
NORDAUNES BILSALG,NO,orbis
ROBERT BOSCH SRL,RO,orbis
"IM MOTORS TECHNOLOGY CO., LTD.",CN,orbis
"VALIN ARCELORMITTAL AUTOMOTIVE STEEL CO., LTD.",CN,orbis
VALVOLINE INC.,US,orbis
VEHO OY AB,FI,orbis
BENTELER AUTOMOBILTECHNIK GMBH,DE,orbis
"ARAI SHOJI CO.,LTD",JP,orbis
"HANGZHOU GEELY AUTOMOBILE CO., LTD.",CN,orbis
MANN+HUMMEL GMBH,DE,orbis
VOLKSWAGEN GROUP JAPAN K.K.,JP,orbis
YURA CORPORATION,KR,orbis
"BRIDGESTONE TIRE SOLUTION JAPAN CO.,LTD.",JP,orbis
"NANJING CHANGAN AUTOMOBILE CO., LTD.",CN,orbis
MERCEDES-BENZ GROUP AUSTRALIA/PACIFIC PTY LTD,AU,orbis
MERCEDES-BENZ AUSTRALIA/PACIFIC PTY LTD,AU,orbis
JCT600 LIMITED,GB,orbis
"JAGUAR LAND ROVER (NINGBO) TRADING CO., LTD.",CN,orbis
"VOLKSWAGEN AUTOMATIC TRANSMISSION (DALIAN) CO., LTD.",CN,orbis
"SHANGHAI ANJI MINGSHI AUTOMOBILE SERVICE CO., LTD.",CN,orbis
NISSAN WEST EUROPE,FR,orbis
VOLVO GROUP AUSTRALIA PTY LTD,AU,orbis
LEAR EUROPEAN HOLDING SLU,ES,orbis
"EXQUISITE AUTOMOTIVE SYSTEMS CO., LTD.",CN,orbis
MOTHERSON SAS AUTOMOTIVE SYSTEMS AND TECHNOLOGIES SLOVAKIA S.R.O.,SK,orbis
"CHANGXING GEELY AUTO PARTS CO., LTD.",CN,orbis
MG MOTOR UK LTD,GB,orbis
TAN CHONG INTERNATIONAL LIMITED,BM,orbis
"CHERY JAGUAR LAND ROVER AUTOMOTIVE CO., LTD.",CN,orbis
"BRILLIANCE AUTO GROUP HOLDINGS CO., LTD.",CN,orbis
"DONGFENG NISSAN AUTOMOBILE SALES CO., LTD. XIANGYANG BRANCH",CN,orbis
VOLKSWAGEN GROUP IMPORT COMPANY LIMITED,CN,orbis
PETER WARREN AUTOMOTIVE HOLDINGS LIMITED,AU,orbis
"JIANGXI JIANGLING MOTORS IMPORT & EXPORT CO., LTD.",CN,orbis
AUTODOC SE,DE,orbis
DIN BIL SVERIGE AB,SE,orbis
LKQ GROUP (UK) LIMITED,GB,orbis
"BOSCH POWERTRAIN SYSTEMS CO., LTD.",CN,orbis
"ZHEJIANG LINGPAO AUTOMOBILE SALES SERVICE CO., LTD.",CN,orbis
"YANFENG AUTOMOTIVE INTERIOR SYSTEMS (SHANGHAI) CO., LTD.",CN,orbis
"ZHEJIANG GEELY AUTOMOBILE CO., LTD. CHENGDU BRANCH",CN,orbis
SEMLER MOBILITY RETAIL A/S,DK,orbis
TOYOTA TSUSHO EUROPE,BE,orbis
SCANIA (GREAT BRITAIN) LIMITED,GB,orbis
"DONGFENG AUTOMOBILE CO., LTD.",CN,orbis
HARALD A MOELLER AS,NO,orbis
UMW TOYOTA MOTOR SDN. BHD.,MY,orbis
"OSAKA TOYOPET CO.,LTD.",JP,orbis
JAGUAR LAND ROVER DEUTSCHLAND GMBH,DE,orbis
"NANJING MINGJUE AUTOMOBILE TRADING CO., LTD.",CN,orbis
STELLANTIS &YOU ITALIA S.P.A.,IT,orbis
AUTOSPORTS SUTHERLAND PTY LIMITED,AU,orbis
AUMOVIO TECHNOLOGIES ROMANIA S.R.L.,RO,orbis
RENAULT POLSKA SP. Z O.O.,PL,orbis
"K CAR CO.,LTD.",KR,orbis
MERCEDES-BENZ INDIA PRIVATE LIMITED,IN,orbis
"SHANGHAI LANTU INFORMATION TECHNOLOGY CO., LTD.",CN,orbis
"CRASH CHAMPIONS, LLC",US,orbis
MOTUS GROUP (UK) LIMITED,GB,orbis
TOYOTA MOTOR MANUFACTURING POLAND SP. Z O.O.,PL,orbis
"WEIFU HIGH-TECHNOLOGY GROUP CO.,LTD.",CN,orbis
ELECTRIC KHODRO SHARGH COMPANY PUBLIC JOINT STOCK,IR,orbis
KOLON MOBILITY GROUP CORPORATION,KR,orbis
KNORR-BREMSE SYSTEME FUER NUTZFAHRZEUGE GMBH,DE,orbis
ECO PLASTIC CORPORATION,KR,orbis
"H-ONE CO.,LTD.",JP,orbis
BMW JAPAN CORP.,JP,orbis
MANNAI CORPORATION Q.P.S.C.,QA,orbis
BERTEL O STEEN AS,NO,orbis
"MICHELIN (CHINA) INVESTMENT CO., LTD.",CN,orbis
"YUTONG BUS CO., LTD. NEW ENERGY BUS BRANCH",CN,orbis
TATA AUTOCOMP SYSTEMS LIMITED,IN,orbis
HAYASHI TELEMPU CORPORATION,JP,orbis
"BRUCKNER TRUCK SALES, INC",US,orbis
"TOYOTA MOTOR HOKKAIDO,INC.",JP,orbis
"CHANGCHUN FAWAY ADIENT AUTOMOTIVE SYSTEMS CO., LTD.",CN,orbis
PEUGEOT CITROEN POISSY SNC,FR,orbis
MOTORPOINT GROUP PLC,GB,orbis
IBC VEHICLES LIMITED,GB,orbis
WE BUY CARS HOLDINGS LIMITED,ZA,orbis
MERCEDES-BENZ NEDERLAND B.V.,NL,orbis
"CHERY NEW ENERGY AUTOMOTIVE CO., LTD.",CN,orbis
"SINOTRUK JINAN POWER CO., LTD.",CN,orbis
AJAX I,US,orbis
CAZOO GROUP LTD,KY,orbis
VOLVO PARTS AKTIEBOLAG,SE,orbis
GEELY AUTOMOBILE INTERNATIONAL CORPORATION,CN,orbis
CL 1 REALISATIONS LTD,GB,orbis
ISUZU ENGINE MANUFACTURING (THAILAND) CO LTD,TH,orbis
"CHERY JAGUAR LAND ROVER AUTO SALES CO., LTD.",CN,orbis
MITSUBISHI MOTORS EUROPE B.V.,NL,orbis
HENDY GROUP LIMITED,GB,orbis
"BAIC BLUEPARK MAGNA AUTOMOBILE CO., LTD.",CN,orbis
BLUE BIRD CORPORATION,US,orbis
"VOLKSWAGEN FAW PLATFORM CO., LTD.",CN,orbis
"GAC TOYOTA ENGINE CO., LTD.",CN,orbis
DEUTSCH MOTORS INC.,KR,orbis
"CHANGSHA BYD ELECTRONICS CO., LTD.",CN,orbis
"SHANGHAI CELEBRITY AUTO SALES CO., LTD.",CN,orbis
HYUNDAI MOTOR ESPANA SL,ES,orbis
MOBIS PARTS EUROPE,BE,orbis
CROWN EQUIPMENT CORP,US,orbis
STAHLGRUBER GMBH,DE,orbis
B M W AUSTRALIA LTD.,AU,orbis
"BEIQI FOTON MOTOR CO., LTD. ZHUCHENG AUTOMOBILE PLANT",CN,orbis
BROEKHUIS BEHEER B.V.,NL,orbis
"TIANJIN DENSO ELECTRONICS CO., LTD.",CN,orbis
STANDARD MOTOR PRODUCTS INC,US,orbis
"KASAI KOGYO CO., LTD.",JP,orbis
KIA IBERIA SLU,ES,orbis
"NANJING MG MOTORS TRADING CO., LTD.",CN,orbis
PORSCHE HUNGARIA KERESKEDELMI KFT.,HU,orbis
GENTHERM INCORPORATED,US,orbis
"GUANGXI YUCHAI MACHINERY CO., LTD.",CN,orbis
"VALEO INTERIOR CONTROLS (SHENZHEN) CO., LTD.",CN,orbis
BOSCH SANAYI VE TICARET ANONIM SIRKETI,TR,orbis
"JINHUA LEAPMOTOR NEW ENERGY VEHICLE PARTS TECHNOLOGY CO., LTD.",CN,orbis
"SHIYAN XIEZHONG INDUSTRY AND TRADE CO., LTD.",CN,orbis
ABC TECHNOLOGIES HOLDINGS INC,CA,orbis
MOBIS PARTS EUROPE N.V MAGYARORSZAGI FIOKTELEPE,HU,orbis
RENAULT DEUTSCHLAND AG,DE,orbis
BMW NEDERLAND B.V.,NL,orbis
"GEELY AUTOMOBILE RESEARCH INSTITUTE (NINGBO) CO., LTD.",CN,orbis
"CHEHEJIA AUTOMOBILE SALES SERVICE (HANGZHOU) CO., LTD.",CN,orbis
NISSAN DEUTSCHLAND GMBH,DE,orbis
MOTHERSON SAS AUTOMOTIVE SERVICE CZECHIA S.R.O.,CZ,orbis
NEXTRAN CORPORATION,US,orbis
"DENSO (CHINA) INVESTMENT CO., LTD. TIANJIN XIQING BRANCH",CN,orbis
"GUANGXI YUCHAI MACHINERY CO.,LTD.",CN,orbis
BAIC MOTOR CORPORATION LIMITED ZHUZHOU BRANCH,CN,orbis
"DONGFENG CUMMINS ENGINE CO., LTD.",CN,orbis
"GIFU AUTO BODY CO.,LTD.",JP,orbis
SENSATA TECHNOLOGIES HOLLAND B.V.,NL,orbis
ROBERT BOSCH ENERGY AND BODY SYSTEMS GEPJARMUELEKTROMOSSAGI ALKATRESZ GYARTO ES FORGALMAZO KORLATOLT FELELOSSEGU TARSASAG,HU,orbis
SUTTONS INVESTMENTS PTY. LIMITED,AU,orbis
FOX FACTORY HOLDING CORP.,US,orbis
"GAC MOTOR CO., LTD. YICHANG BRANCH",CN,orbis
"AMERICA'S CAR-MART, INC.",US,orbis
"CAPITAL  MOTORS, INC.",TW,orbis
MARCOPOLO S.A.,BR,orbis
"SHANGHAI GKN HUAYU DRIVELINE SYSTEMS CO., LTD.",CN,orbis
"BETHEL AUTOMOTIVE SAFETY SYSTEMS CO.,LTD.",CN,orbis
STELLANTIS NEDERLAND B.V.,NL,orbis
"NINGBO HANGZHOU BAY NEW AREA GEELY AUTOMOBILE SALES CO., LTD.",CN,orbis
"HUICHUAN NEW ENERGY VEHICLE TECHNOLOGY (CHANGZHOU) CO., LTD.",CN,orbis
"CHANGXING GEELY AUTOMOBILE SALES CO., LTD.",CN,orbis
"PACIFIC INDUSTRIAL CO., LTD",JP,orbis
INCHCAPE AUSTRALIA LIMITED,AU,orbis
"CHONGQING WANLU AUTOMOBILE MAINTENANCE SERVICE CO., LTD.",CN,orbis
STEVEN EAGELL LIMITED,GB,orbis
STEVEN EAGELL HOLDINGS LIMITED,GB,orbis
"FUJIAN BENZ AUTOMOTIVE CO., LTD.",CN,orbis
PEUGEOT CITROEN RENNES SNC,FR,orbis
ROSENBAUER INTERNATIONAL AG,AT,orbis
PLACEMENTS ROBERT BERNARD LTEE,CA,orbis
NTP NAGOYA TOYOPET K.K.,JP,orbis
OPENLANE EUROPE,BE,orbis
INDIA YAMAHA MOTOR PRIVATE LIMITED,IN,orbis
"JINGZHOU ZHONGKE CNC EQUIPMENT MANUFACTURING CO., LTD.",CN,orbis
"DIMA HOLDINGS CO.,LTD",CN,orbis
ENDURANCE TECHNOLOGIES LTD,IN,orbis
"ZHEJIANG LINGPAO AUTOMOBILE SALES SERVICE CO., LTD.",CN,orbis
"BEIJING BAIC YANFENG AUTOMOTIVE PARTS CO., LTD.",CN,orbis
VINFAST TRADING AND PRODUCTION LIMITED LIABILITY COMPANY,VN,orbis
KILBIRNIE INVESTMENTS PTY. LIMITED,AU,orbis
"CHONGQING TSINGSHAN INDUSTRIAL CO., LTD.",CN,orbis
VOLVO CAR NEDERLAND B.V.,NL,orbis
VOLVO GROUP TRUCKS CENTRAL EUROPE GMBH,DE,orbis
"HENAN FENGLI TRADING CO., LTD.",CN,orbis
HYUNDAI MOTOR FRANCE,FR,orbis
CETAS OTOMOTIV ANONIM SIRKETI,TR,orbis
ROYAL TERBERG GROUP B.V.,NL,orbis
COMMERCIAL MOTOR VEHICLES PTY LTD,AU,orbis
JOHN CLARK (HOLDINGS) LIMITED,GB,orbis
"SHAANXI HANDE AXLE CO., LTD.",CN,orbis
AUTOMOTIVE MANUFACTURERS PRIVATE LIMITED,IN,orbis
HINO MOTORS ASIA LIMITED,TH,orbis
GITI TIRE (CHINA) INVESTMENT COMPANY LTD.,CN,orbis
"BEIJING FOTON CUMMINS ENGINE CO., LTD.",CN,orbis
YAMAHA MOTOR ASIA PTE LTD,SG,orbis
INALFA ROOF SYSTEMS GROUP B.V.,NL,orbis
PACCAR AUSTRALIA PTY. LTD.,AU,orbis
"SHANGHAI LANTU INFORMATION TECHNOLOGY CO., LTD.",CN,orbis
AURES HOLDINGS A.S.,CZ,orbis
SOGEFI S.P.A.,IT,orbis
"JIANGYIN MOULD PLASTIC GROUP CO., LTD.",CN,orbis
CINCH CARS LIMITED,GB,orbis
MOTOR SAZAN COMPANY PUBLIC JOINT STOCK,IR,orbis
"CHONGQING CHANG'AN KAICHENG AUTOMOTIVE TECHNOLOGY CO., LTD.",CN,orbis
MAZDA MOTORS (DEUTSCHLAND) GESELLSCHAFT MIT BESCHRAENKTER HAFTUNG,DE,orbis
AMPERE CLEON,FR,orbis
AUTOLIV ROMANIA SRL,RO,orbis
BMW (THAILAND) CO LTD,TH,orbis
BAPCOR LIMITED,AU,orbis
"SHANGHAI ZITU E-COMMERCE CO., LTD.",CN,orbis
"KUOTU MOTOR CO.,LTD.",TW,orbis
TPR CO LTD,JP,orbis
"GAC INTERNATIONAL CO., LTD.",CN,orbis
"DY DEOKYANG CO.,LTD.",KR,orbis
KIA FRANCE,FR,orbis
YULON FINANCE CORPORATION,TW,orbis
SCANIA FRANCE,FR,orbis
"SUIZHOU YITONG AUTOMOBILE SALES AND SERVICE CO., LTD.",CN,orbis
"TIANMEN YOUHAO AUTOMOBILE SERVICE CO., LTD.",CN,orbis
SR TECHNICS AUSTRALIA PTY LTD,AU,orbis
"STELLANTIS PORTUGAL, S.A.",PT,orbis
UNIVERSAL MOTORS ISRAEL LTD,IL,orbis
"SICHUAN LYNK & CO AUTOMOBILE MANUFACTURING CO., LTD.",CN,orbis
"PRESS KOGYO CO.,LTD.",JP,orbis
BETTERLIFE HOLDING LIMITED,KY,orbis
"SUPERIOR INDUSTRIES INTERNATIONAL, INC.",US,orbis
"LES SCHWAB TIRE CENTERS OF BOISE, LLC",US,orbis
AICHI TOYOTA WEST K.K.,JP,orbis
AUTODISTRIBUTION,FR,orbis
SUNFONDA GROUP HOLDINGS LIMITED,KY,orbis
HYUNDAI MOTOR CZECH S.R.O.,CZ,orbis
"LIUZHOU WULING AUTOMOBILE INDUSTRY CO., LTD.",CN,orbis
MILLER INDUSTRIES INC,US,orbis
acura,,ev_volumes
addax,,ev_volumes
aion,,ev_volumes
aishang,,ev_volumes
aito,,ev_volumes
aiways,,ev_volumes
aiways automobile,,ev_volumes
alfa romeo,,ev_volumes
alke,,ev_volumes
alpine,,ev_volumes
arcfox,,ev_volumes
audi,,ev_volumes
avatr,,ev_volumes
b on,,ev_volumes
baic,,ev_volumes
baidu,,ev_volumes
baizhi,,ev_volumes
baojun,,ev_volumes
baw,,ev_volumes
bentley,,ev_volumes
bestune,,ev_volumes
bjev,,ev_volumes
bmw,,ev_volumes
bmw group,,ev_volumes
bollore,,ev_volumes
borgward,,ev_volumes
brightdrop,,ev_volumes
brilliance,,ev_volumes
brilliance jinbei,,ev_volumes
brilliance swm,,ev_volumes
brilliance zinoro,,ev_volumes
buick,,ev_volumes
byd,,ev_volumes
byd dynasty,,ev_volumes
byd fleet,,ev_volumes
byd ocean,,ev_volumes
cadillac,,ev_volumes
cam,,ev_volumes
cenntro,,ev_volumes
cevo,,ev_volumes
changan,,ev_volumes
changan automobile group,,ev_volumes
changhe,,ev_volumes
chery,,ev_volumes
chery automobile,,ev_volumes
chevrolet,,ev_volumes
chrysler,,ev_volumes
cirelli,,ev_volumes
citroen,,ev_volumes
cmc,,ev_volumes
coradir,,ev_volumes
cupra,,ev_volumes
dacia,,ev_volumes
dayun,,ev_volumes
deepal,,ev_volumes
denza,,ev_volumes
dodge,,ev_volumes
dongfeng,,ev_volumes
dongfeng motor,,ev_volumes
ds,,ev_volumes
e go,,ev_volumes
ebro,,ev_volumes
emgrand,,ev_volumes
esagono,,ev_volumes
etesia,,ev_volumes
euler,,ev_volumes
ev house,,ev_volumes
evergrande,,ev_volumes
evolute,,ev_volumes
evum motors,,ev_volumes
exeed,,ev_volumes
fang cheng bao,,ev_volumes
faraday future,,ev_volumes
farizon,,ev_volumes
faw,,ev_volumes
feifan,,ev_volumes
fengguang,,ev_volumes
fengshen,,ev_volumes
ferrari,,ev_volumes
fiat,,ev_volumes
firefly,,ev_volumes
fisker,,ev_volumes
fomm,,ev_volumes
ford,,ev_volumes
forthing,,ev_volumes
foton,,ev_volumes
gac,,ev_volumes
galaxy,,ev_volumes
gecko,,ev_volumes
geely,,ev_volumes
geely auto group,,ev_volumes
geely necv group,,ev_volumes
geely volvo car group,,ev_volumes
genesis,,ev_volumes
geometry,,ev_volumes
gm,,ev_volumes
gmc,,ev_volumes
golden dragon,,ev_volumes
goupil,,ev_volumes
great wall,,ev_volumes
great wall motors,,ev_volumes
group,,ev_volumes
guangxi auto,,ev_volumes
guangxi automotive group,,ev_volumes
guizhou,,ev_volumes
guoxin,,ev_volumes
haima,,ev_volumes
hanteng,,ev_volumes
hanteng automobile,,ev_volumes
haval,,ev_volumes
hawtai,,ev_volumes
hawtai motor group,,ev_volumes
hedmos,,ev_volumes
hengchi,,ev_volumes
hengrun,,ev_volumes
henrey,,ev_volumes
hiphi,,ev_volumes
hitech,,ev_volumes
holden,,ev_volumes
honda,,ev_volumes
honda motor,,ev_volumes
hongqi,,ev_volumes
honri,,ev_volumes
horki,,ev_volumes
huazi,,ev_volumes
human horizon,,ev_volumes
hycan,,ev_volumes
hyundai,,ev_volumes
hyundai motor,,ev_volumes
im zhiji motor,,ev_volumes
isuzu,,ev_volumes
isuzu motors,,ev_volumes
iveco,,ev_volumes
iveco group,,ev_volumes
jac iev,,ev_volumes
jac motors,,ev_volumes
jaecoo,,ev_volumes
jaguar,,ev_volumes
jeep,,ev_volumes
jem,,ev_volumes
jemmell new energy,,ev_volumes
jetour,,ev_volumes
ji yue,,ev_volumes
jiangling motors,,ev_volumes
jiayuan,,ev_volumes
jiefang,,ev_volumes
jim,,ev_volumes
jmc,,ev_volumes
jmev,,ev_volumes
joylong,,ev_volumes
jun feng,,ev_volumes
juneyao,,ev_volumes
junpai,,ev_volumes
kailu,,ev_volumes
kaiyi,,ev_volumes
kandi,,ev_volumes
karma,,ev_volumes
karry,,ev_volumes
keyton,,ev_volumes
kia,,ev_volumes
king long,,ev_volumes
lamborghini,,ev_volumes
lancia,,ev_volumes
land rover,,ev_volumes
leapmotor,,ev_volumes
leopaard,,ev_volumes
levc,,ev_volumes
levdeo,,ev_volumes
lexus,,ev_volumes
li auto chj automotive,,ev_volumes
li xiang,,ev_volumes
lifan,,ev_volumes
lifan group,,ev_volumes
lightyear,,ev_volumes
lincoln,,ev_volumes
lingbox,,ev_volumes
lingxi,,ev_volumes
link tour,,ev_volumes
linktour,,ev_volumes
livan,,ev_volumes
lordstown,,ev_volumes
lordstown motors,,ev_volumes
lotus,,ev_volumes
lucid,,ev_volumes
lucid motors,,ev_volumes
luxeed,,ev_volumes
luxgen,,ev_volumes
lynk,,ev_volumes
maextro,,ev_volumes
mahindra,,ev_volumes
mahindra mahindra,,ev_volumes
man,,ev_volumes
maple,,ev_volumes
maserati,,ev_volumes
maxus,,ev_volumes
mazda,,ev_volumes
mazda motor,,ev_volumes
mclaren,,ev_volumes
mengshi,,ev_volumes
mercedes benz,,ev_volumes
mercedes benz group,,ev_volumes
mg,,ev_volumes
microlino,,ev_volumes
mine,,ev_volumes
mini,,ev_volumes
mitsubishi,,ev_volumes
mobility,,ev_volumes
mobilize,,ev_volumes
modern auto,,ev_volumes
moke,,ev_volumes
montra,,ev_volumes
moskvitch,,ev_volumes
motorinvest,,ev_volumes
mozo,,ev_volumes
mw,,ev_volumes
neta,,ev_volumes
neta auto,,ev_volumes
nevs,,ev_volumes
nextem,,ev_volumes
nio,,ev_volumes
nissan,,ev_volumes
omoda,,ev_volumes
onvo,,ev_volumes
opel vxh,,ev_volumes
ora,,ev_volumes
other,,ev_volumes
oushang,,ev_volumes
perodua,,ev_volumes
peugeot,,ev_volumes
pocco,,ev_volumes
poer,,ev_volumes
polestar,,ev_volumes
polestones,,ev_volumes
porsche,,ev_volumes
proton,,ev_volumes
qiantu,,ev_volumes
qingzhou,,ev_volumes
qiyuan,,ev_volumes
qoros,,ev_volumes
r n m alliance,,ev_volumes
radar,,ev_volumes
ram,,ev_volumes
range rover,,ev_volumes
red star,,ev_volumes
refine,,ev_volumes
rimac,,ev_volumes
rivian,,ev_volumes
rivian automotive,,ev_volumes
roewe,,ev_volumes
rolls royce,,ev_volumes
ruichi,,ev_volumes
saic,,ev_volumes
saleen,,ev_volumes
samsung,,ev_volumes
sany,,ev_volumes
sany group,,ev_volumes
seat,,ev_volumes
sehol,,ev_volumes
senia,,ev_volumes
seres,,ev_volumes
seres group,,ev_volumes
shangjie,,ev_volumes
sinogold,,ev_volumes
sinotruk,,ev_volumes
sitech,,ev_volumes
skoda,,ev_volumes
smart,,ev_volumes
soueast,,ev_volumes
ssangyong,,ev_volumes
stelato,,ev_volumes
stellantis,,ev_volumes
streetscooter,,ev_volumes
subaru,,ev_volumes
suda,,ev_volumes
sunra,,ev_volumes
suzuki,,ev_volumes
switch mobility,,ev_volumes
taga,,ev_volumes
tank,,ev_volumes
tata,,ev_volumes
tata jlr,,ev_volumes
tata motors,,ev_volumes
tesla,,ev_volumes
think,,ev_volumes
tianmei skywell,,ev_volumes
tingrui,,ev_volumes
togg,,ev_volumes
toyota,,ev_volumes
toyota motor,,ev_volumes
trumpchi,,ev_volumes
unspec,,ev_volumes
upower,,ev_volumes
venucia,,ev_volumes
viauto,,ev_volumes
vinfast,,ev_volumes
volvo,,ev_volumes
voyah,,ev_volumes
vw,,ev_volumes
vw group,,ev_volumes
wanren,,ev_volumes
wanxiang,,ev_volumes
weltmeister,,ev_volumes
wey,,ev_volumes
wingle,,ev_volumes
wm motors,,ev_volumes
wuling,,ev_volumes
xev,,ev_volumes
xiaokang,,ev_volumes
xiaomi,,ev_volumes
xiaopeng,,ev_volumes
xpeng,,ev_volumes
yangwang,,ev_volumes
yema,,ev_volumes
yema automobile,,ev_volumes
yibin kaiyi automobile,,ev_volumes
yogomo group,,ev_volumes
yu an,,ev_volumes
yuanhang,,ev_volumes
yudo,,ev_volumes
yudo auto,,ev_volumes
yunque lark,,ev_volumes
zedriv,,ev_volumes
zeekr,,ev_volumes
zhejiang kandi,,ev_volumes
zhidou,,ev_volumes
zoomlion,,ev_volumes
zotye,,ev_volumes
zotye auto,,ev_volumes
